{"reference": "J1", "proportionalOutlinePath": [[0.3975, 0.25916666666666666], [0.3975, 0.2625], [0.3958333333333333, 0.26416666666666666], [0.3908333333333333, 0.26416666666666666], [0.39, 0.2783333333333333], [0.39, 0.2833333333333333], [0.3908333333333333, 0.29083333333333333], [0.3925, 0.2925], [0.3958333333333333, 0.2925], [0.3975, 0.2941666666666667], [0.3983333333333333, 0.3], [0.6658333333333334, 0.3], [0.6658333333333334, 0.2941666666666667], [0.6675, 0.2925], [0.6716666666666666, 0.2925], [0.6741666666666667, 0.29], [0.6733333333333333, 0.26416666666666666], [0.6716666666666666, 0.2633333333333333], [0.6658333333333334, 0.2625], [0.665, 0.25833333333333336], [0.6616666666666666, 0.25833333333333336], [0.65, 0.25916666666666666], [0.6491666666666667, 0.25833333333333336], [0.64, 0.25916666666666666], [0.6358333333333334, 0.25916666666666666], [0.6258333333333334, 0.25833333333333336], [0.625, 0.25916666666666666], [0.62, 0.25916666666666666], [0.5941666666666666, 0.25833333333333336], [0.5933333333333334, 0.25916666666666666], [0.5783333333333334, 0.25833333333333336], [0.575, 0.25833333333333336], [0.5675, 0.25916666666666666], [0.5666666666666667, 0.25833333333333336], [0.5633333333333334, 0.25833333333333336], [0.5575, 0.25916666666666666], [0.5566666666666666, 0.25833333333333336], [0.5533333333333333, 0.25833333333333336], [0.5425, 0.25916666666666666], [0.5216666666666666, 0.25833333333333336], [0.5208333333333334, 0.25916666666666666], [0.51, 0.25833333333333336], [0.5016666666666667, 0.25916666666666666], [0.5, 0.25916666666666666], [0.49583333333333335, 0.25833333333333336], [0.49, 0.25916666666666666], [0.48083333333333333, 0.25833333333333336], [0.465, 0.25916666666666666], [0.44416666666666665, 0.25833333333333336], [0.44333333333333336, 0.25916666666666666], [0.42833333333333334, 0.25833333333333336], [0.4241666666666667, 0.25833333333333336], [0.41833333333333333, 0.25916666666666666], [0.4175, 0.25833333333333336], [0.41333333333333333, 0.25833333333333336], [0.4083333333333333, 0.25916666666666666]], "additionalOutlinePaths": [[[0.3975, 0.6991666666666667], [0.3975, 0.7041666666666667], [0.3958333333333333, 0.7058333333333333], [0.3925, 0.7058333333333333], [0.3908333333333333, 0.7075], [0.39, 0.7275], [0.39, 0.7308333333333333], [0.3908333333333333, 0.7341666666666666], [0.3958333333333333, 0.7341666666666666], [0.3975, 0.7358333333333333], [0.3975, 0.7391666666666666], [0.39916666666666667, 0.74], [0.4025, 0.74], [0.4241666666666667, 0.7391666666666666], [0.425, 0.74], [0.42833333333333334, 0.74], [0.44416666666666665, 0.7391666666666666], [0.445, 0.74], [0.4483333333333333, 0.74], [0.5166666666666667, 0.7391666666666666], [0.5175, 0.74], [0.5208333333333334, 0.74], [0.5525, 0.7391666666666666], [0.5533333333333333, 0.74], [0.5566666666666666, 0.74], [0.5625, 0.7391666666666666], [0.5633333333333334, 0.74], [0.5666666666666667, 0.74], [0.5991666666666666, 0.7391666666666666], [0.6, 0.74], [0.61, 0.7391666666666666], [0.615, 0.7391666666666666], [0.6341666666666667, 0.74], [0.635, 0.7391666666666666], [0.6525, 0.74], [0.6558333333333334, 0.74], [0.6608333333333334, 0.7391666666666666], [0.6616666666666666, 0.74], [0.6658333333333334, 0.7391666666666666], [0.6658333333333334, 0.7358333333333333], [0.6675, 0.7341666666666666], [0.6741666666666667, 0.7333333333333333], [0.6741666666666667, 0.7091666666666666], [0.6733333333333333, 0.7075], [0.6716666666666666, 0.7058333333333333], [0.6683333333333333, 0.7058333333333333], [0.6666666666666666, 0.7041666666666667], [0.6666666666666666, 0.7008333333333333], [0.6658333333333334, 0.6983333333333334]]], "componentId": "hirose-electric-df40c-100dp-0-4v-51"}